"Alexandreia","Ra-Kedet","Egyptian"
"Al-Qahirah","Ineb Hedj","Egyptian"
"Yerushalayim","Aarru-Hetep","Egyptian"
"Elath","Etsion-Gaber","Egyptian"
"Niwt-Rst","Niwt-Rst","Egyptian"
"Kition","Kittim","Egyptian"
"Larnaca","Kittim","Egyptian"
"Ineb Hedj","Ineb Hedj","Egyptian"
"Amunia","Amunia","Egyptian"
"Yebu","Abw","Egyptian"
"Tamiat","Tamiat","Egyptian"
"Qidshu","Kadesh","Egyptian"
"Per-Wadjet","Per-Wadjet","Egyptian"
"Al-Kharijah","El-Kharijah","Egyptian_Arabic"
"Al-Qahirah","El-Qahirah","Egyptian_Arabic"
"Per-Wadjet","Eskendereyya","Egyptian_Arabic"
"Arae","Ras Lanuf","Egyptian_Arabic"
"Hartum","El-Hartum","Egyptian_Arabic"
"Alexandreia","Eskendereyya","Egyptian_Arabic"
"Bangazi","Bangazi","Egyptian_Arabic"
"Automala","El Agheila","Egyptian_Arabic"
"Ineb Hedj","El-Qahirah","Egyptian_Arabic"
"Al-Jawf","El-Jawf","Egyptian_Arabic"
"Vijayanagara","Vijayanagara","Indian"
"Dilli","Dilli","Indian"
"Pataliputra","Pataliputra","Indian"
"Madras","Chennai","Indian"
"Rasa","Lasa","Indian"
"Kanchipuram","Chennai","Indian"
"Patna","Patna","Indian"
"Indraprastha","Indraprastha","Indian"
"Kauthara","Kauthara","Indian"
"Mumbai","Mumbai","Indian"
"Vijaya","Vijaya","Indian"
"Indrapura","Indrapura","Indian"
"Pagan","Pukkam","Indian"
"Dhaka","Dhaka","Indian"
"Peshawar","Purushapura","Indian"
"Cuddalore","Cuddalore","Indian"
"Serampore","Serampore","Indian"
"Hyderabad","Bhagyanagar","Indian"
"Kolachi","Kolachi","Indian"
"Tharangambadi","Tharangambadi","Indian"
"Thanjavur","Thanjavur","Indian"
"Mahishuru","Mysuru","Indian"
"Bengaluru","Bengaluru","Indian"
"Bombay","Mumbai","Indian"
"Puducherry","Puducherry","Indian"
"Hanseong","Hancheng","Chinese"
"Chang'an","Chang'an","Chinese"
"Chuncheon","Chunchuan","Chinese"
"San Francisco","Jiu Jinshan","Chinese"
"Haojing","Haojing","Chinese"
"Taibei","Taibei","Chinese"
"Paduranga","Phan Rang","Chinese"
"Xi'an","Xi'an","Chinese"
"Hailaer","Hailar","Chinese"
"Zhongdu","Zhongdu","Chinese"
"Hegang","Hegang","Chinese"
"Indrapura","Da Nang","Chinese"
"Tumasik","Xinjiapo","Chinese"
"Fukuoka","Fugang","Chinese"
"Aomori","Qingsen","Chinese"
"Dunhuang","Dunhuang","Chinese"
"Roma","Daqin","Chinese"
"Anshan","Anshan","Chinese"
"Shenyang","Shenyang","Chinese"
"Zhangjiakou","Zhangjiakou","Chinese"
"Seattle","Xi Yatu","Chinese"
"Dilli","Deli","Chinese"
"Pataliputra","Huazhicheng","Chinese"
"Gaoxiong","Kaohsiung","Chinese"
"Tongjiang","Tongjiang","Chinese"
"Seoul","Shouer","Chinese"
"Guangzhou","Guangzhou","Chinese"
"Kauthara","Nha Trang","Chinese"
"Luoyang","Luoyang","Chinese"
"Kyouto","Jingdu","Chinese"
"Los Angeles","Luo Shanji","Chinese"
"Khabarovsk","Boli","Chinese"
"Pagan","Pugan","Chinese"
"Jinzhou","Jinzhou","Chinese"
"Itil","A-de Shui","Chinese"
"Jehol","Jehol","Chinese"
"Hangzhou","Hangzhou","Chinese"
"Fuzhou","Fuzhou","Chinese"
"Ayutthaya","Ayutuoye","Chinese"
"Niigata","Xinxi","Chinese"
"Kushiro","Chuanlu","Chinese"
"Seogyeong","Baishan","Chinese"
"Pingfang","Pingfang","Chinese"
"Aomen","Aomen","Chinese"
"Singapura","Xinjiapo","Chinese"
"Mudanjiang","Mudanjiang","Chinese"
"Kaifeng","Kaifeng","Chinese"
"Vladivostok","Haishenwai","Chinese"
"Patna","Huazhicheng","Chinese"
"Manila","Manila","Chinese"
"Chongjin","Qingjin","Chinese"
"Nara","Nailiang","Chinese"
"Lanzhou","Lanzhou","Chinese"
"Kunming","Kunming","Chinese"
"Hong Kong","Xianggang","Chinese"
"Nanchang","Nanchang","Chinese"
"Changjin","Changjin","Chinese"
"Nagasaki","Changqi","Chinese"
"Nagano","Changye","Chinese"
"Wonsan","Yuanshan","Chinese"
"Guiyang","Guiyang","Chinese"
"Sendai","Xiantai","Chinese"
"Pusan","Fushan","Chinese"
"Hiroshima","Guangdao","Chinese"
"Beijing","Beijing","Chinese"
"Hakata","Boduo","Chinese"
"Toukyou","Jianghu","Chinese"
"Qufu","Qufu","Chinese"
"Akita","Qiutian","Chinese"
"Wuzhou","Wuzhou","Chinese"
"Orduqent","Suiye","Chinese"
"Kagoshima","Lu'erdao","Chinese"
"Jilin","Jilin","Chinese"
"Shanghai","Shanghai","Chinese"
"Nagoya","Mingguwu","Chinese"
"Vancouver","Wen Gehua","Chinese"
"Dagou","Dagou","Chinese"
"Laoag","Laowo","Chinese"
"Tashkent","Cheshih","Chinese"
"Vijaya","Qui Nhon","Chinese"
"Changchun","Changchun","Chinese"
"Wuhan","Wuhan","Chinese"
"Sanggyeong","Ning'an","Chinese"
"Yinchuan","Yinchuan","Chinese"
"Fushun","Fushun","Chinese"
"Qingdao","Qingdao","Chinese"
"Chengde","Chengde","Chinese"
"Weihai","Weihai","Chinese"
"Sanshan","Sanshan","Chinese"
"Changsha","Changsha","Chinese"
"Oosaka","Daban","Chinese"
"Anyang","Anyang","Chinese"
"Matsuyama","Songshan","Chinese"
"Toyohara","Fengyuan","Chinese"
"Chengdu","Chengdu","Chinese"
"Tongliao","Tongliao","Chinese"
"Qiqihaer","Qiqihar","Chinese"
"Edo","Jianghu","Chinese"
"Nanjing","Nanjing","Chinese"
"Yokohama","Hengbin","Chinese"
"Pyongyang","Pyongyang","Chinese"
"Sapporo","Zahuang","Chinese"
"Pataliputra","Gron Kyer Me Tog","Tibetan"
"Patna","Gron Kyer Me Tog","Tibetan"
"Rasa","Rasa","Tibetan"
"Yerushalayim","Urushalim","Babylonian"
"Elath","Elath","Babylonian"
"Shush","Shushan","Babylonian"
"Babilû","Babilû","Babylonian"
"Baghdad","Baghdadu","Babylonian"
"Sur","Surru","Babylonian"
"Sydwn","Siduna","Babylonian"
"Qidshu","Qidshu","Babylonian"
"Dilli","Delhi","Persian"
"Pataliputra","Azimabad","Persian"
"Constantinopolis","Balozrom","Persian"
"Bactra","Bhakri","Persian"
"Ragha","Ragha","Persian"
"Shiraz","Sirajis","Persian"
"Patna","Azimabad","Persian"
"Lahore","Lahore","Persian"
"Udaipur","Udaipur","Persian"
"Esfahan","Esfahan","Persian"
"Ecbatana","Hangmatana","Persian"
"Hekatompilos","Sauloe","Persian"
"Indraprastha","Delhi","Persian"
"Ninua","Nainava","Persian"
"Yerushalayim","Urishlim","Persian"
"Tureng Tepe","Tureng Tepe","Persian"
"Tehran","Tehran","Persian"
"Ahmedabad","Ahmedabad","Persian"
"Multan","Multan","Persian"
"Peshawar","Peshawar","Persian"
"Shush","Shush","Persian"
"Sardis","Sparda","Persian"
"Babilû","Babirush","Persian"
"Roma","Hrwm","Persian"
"Ankuwash","Angora","Persian"
"Hyderabad","Hyderabad","Persian"
"Pathragada","Pathragada","Persian"
"Merv","Margu","Persian"
"Dur Untash","Chogha Zanbil","Persian"
"Parsa","Estakhr","Persian"
"Orduqent","Suyab","Persian"
"Kolachi","Kolachi","Persian"
"Samarqand","Samarqand","Persian"
"Jaisalmer","Jaisalmer","Persian"
"Shush","Seleukeia Susiana","Greek"
"Khalpe","Beroea","Greek"
"Nikopolis","Nikopolis","Greek"
"Pataliputra","Palibothra","Greek"
"Istanbul","Konstantinoupolis","Greek"
"Palermo","Panormos","Greek"
"Qart-Hadasht","Karkhedon","Greek"
"Nekhen","Hierakonpolis","Greek"
"Djanet","Tanis","Greek"
"Amunia","Paraitonion","Greek"
"Abdju","Abydos","Greek"
"Kyrene","Kyrene","Greek"
"Leptis Magna","Leptis Megale","Greek"
"Attaleia","Attaleia","Greek"
"Sparte","Sparte","Greek"
"Lixos","Lixos","Greek"
"Split","Aspalathos","Greek"
"Mykenai","Mykenai","Greek"
"Ljubljana","Emona","Greek"
"Neokastron","Neokastron","Greek"
"Pompeii","Neapolis","Greek"
"Ecbatana","Hangmatana","Greek"
"Hekatompilos","Hekatompilos","Greek"
"Brundisium","Brentesion","Greek"
"Inebahti","Naupactus","Greek"
"Tripolis","Oea","Greek"
"Ninua","Nineve","Greek"
"Azak","Tanais","Greek"
"Ankuwash","Ankyra","Greek"
"Yerushalayim","Hierousalem","Greek"
"Tureng Tepe","Zadrakarta","Greek"
"Petra","Petra","Greek"
"Larnaca","Larnaka","Greek"
"Zawty","Asyut","Greek"
"Poseidonia","Poseidonia","Greek"
"Konstantia","Konstantia","Greek"
"Artashat","Artaxata","Greek"
"Constantinopolis","Konstantinoupolis","Greek"
"Neapolis","Neapolis","Greek"
"Epidamnos","Epidamnos","Greek"
"Ineb Hedj","Memphis","Greek"
"Kaisareia","Kaisareia","Greek"
"Pi-Ramesses","Avaris","Greek"
"Zadar","Zantar","Greek"
"Per-Bastet","Bubastis","Greek"
"Yebu","Elephantine","Greek"
"Iraklion","Iraklion","Greek"
"Trapezon","Trapezon","Greek"
"Sirmium","Sirmion","Greek"
"Niwt-Rst","Diospolis Megale","Greek"
"Per-Atum","Heliopolis","Greek"
"Kition","Larnaka","Greek"
"Babilû","Babylon","Greek"
"Syrakousai","Syrakousai","Greek"
"Per-Wadjet","Buto","Greek"
"Bactra","Bactra","Greek"
"Sardis","Sardeis","Greek"
"Marseille","Massalia","Greek"
"Akka","Akre","Greek"
"Sydwn","Sidon","Greek"
"Chandax","Iraklion","Greek"
"Byzantion","Byzantion","Greek"
"Chersonesos","Chersonesos","Greek"
"Sur","Týros","Greek"
"Beograd","Singidun","Greek"
"Athinai","Athinai","Greek"
"Tanja","Tingi","Greek"
"Korinthos","Korinthos","Greek"
"Khmun","Hermopolis","Greek"
"Delphoi","Delphoi","Greek"
"Wien","Vienne","Greek"
"Tirana","Tirana","Greek"
"Parsa","Persepolis","Greek"
"Merv","Margiana","Greek"
"Melitene","Malateia","Greek"
"Pathragada","Pasargadae","Greek"
"Automala","Automala","Greek"
"Tyras","Tyras","Greek"
"Kolachi","Barbarikon","Greek"
"Samarqand","Marakanda","Greek"
"Ragha","Rhagae","Greek"
"Alexandreia","Alexandreia","Greek"
"Tripolis","Oyat","Phoenician"
"Palermo","Ziz","Phoenician"
"Tarragona","Tarqon","Phoenician"
"Jbeil","Gebal","Phoenician"
"Qart-Hadasht","Qart-Hadasht","Phoenician"
"Tanja","Tinga","Phoenician"
"Leptis Magna","Lpcy","Phoenician"
"Kition","Kition","Phoenician"
"Larnaca","Kition","Phoenician"
"Iol","Iol","Phoenician"
"Sur","Sur","Phoenician"
"Roma","Rumi","Phoenician"
"Caralis","Karaly","Phoenician"
"Sydwn","Sydwn","Phoenician"
"Emporion","Emporiae","Latin"
"Tarsos","Tarsus","Latin"
"Qart-Hadasht","Carthago","Latin"
"Nekhen","Hierakonpolis","Latin"
"Abdju","Abydos","Latin"
"Attaleia","Attalea","Latin"
"Tirana","Tirana","Latin"
"Sala","Sala Colonia","Latin"
"Toledo","Toletum","Latin"
"Neokastron","Navarino","Latin"
"Zaragoza","Caesaraugusta","Latin"
"Ninua","Nineve","Latin"
"Paris","Lutetia Parisiorum","Latin"
"Poseidonia","Paestum","Latin"
"Konstantia","Tomis","Latin"
"Hamburg","Hamburgum","Latin"
"Zadar","Iadera","Latin"
"Epidamnos","Dyrrachium","Latin"
"Kaisareia","Caesarea Mazaca","Latin"
"Pi-Ramesses","Avaris","Latin"
"Mykenai","Mycenae","Latin"
"Melitene","Melitene","Latin"
"Klagenfurt","Virunum","Latin"
"Sirmium","Sirmium","Latin"
"Per-Atum","Heliopolis","Latin"
"Sardis","Sardis","Latin"
"Roma","Roma","Latin"
"Dimashq","Damascus","Latin"
"Rostock","Rostochium","Latin"
"Marseille","Massilia","Latin"
"Akka","Akko","Latin"
"Köln","Colonia Agrippina","Latin"
"Byzantion","Constantinopolis","Latin"
"Pelusion","Pelusium","Latin"
"Korinthos","Corinthus","Latin"
"Brundisium","Brundisium","Latin"
"Nijmegen","Batavodurum","Latin"
"Herakleia","Heraklia","Latin"
"Adiacium","Adiacium","Latin"
"Oporto","Portus Cale","Latin"
"Constantinopolis","Constantinopolis","Latin"
"Ilion","Ilium","Latin"
"Budapest","Aquincum","Latin"
"Kyrene","Cyrene","Latin"
"Königsberg","Calininopolis","Latin"
"Alexandreia","Alexandria","Latin"
"Petra","Petra","Latin"
"Naissos","Naissus","Latin"
"Alexandretta","Alexandretta","Latin"
"Augsburg","Augusta Vindelicorum","Latin"
"Berlin","Berolinum","Latin"
"Iol","Iol Caesarea","Latin"
"Ikonion","Iconium","Latin"
"Artashat","Artaxata","Latin"
"Syrakousai","Syracusae","Latin"
"Angers","Iuliomagus","Latin"
"Pamplona","Pompaelo","Latin"
"Yebu","Elephantine","Latin"
"Shush","Seleucia ad Eulaeum","Latin"
"Kition","Citium","Latin"
"Durostulon","Durostorum","Latin"
"Amunia","Paraetonium","Latin"
"Warszawa","Varsovia","Latin"
"Frankfurt","Bona Mansio","Latin"
"Tarragona","Tarraco","Latin"
"Mainz","Moguntiacum","Latin"
"Chersonesos","Chersonesus","Latin"
"Genève","Geneva","Latin"
"Tenochtitlán","Mexicopolis","Latin"
"Odessos","Odessus","Latin"
"Bari","Barium","Latin"
"Ephesos","Ephesus","Latin"
"Lyon","Lugdunum","Latin"
"Leptis Magna","Leptis Magna","Latin"
"Sparte","Sparta","Latin"
"Ljubljana","Aemona Iulia","Latin"
"Pompeii","Pompeii","Latin"
"Lixos","Lixus","Latin"
"Per-Bastet","Bubastis","Latin"
"Gordion","Gordium","Latin"
"København","Hafnia","Latin"
"Faro","Ossonoba","Latin"
"Nikopolis","Actia Nicopolis","Latin"
"Larnaca","Larnaca","Latin"
"Gdansk","Gedanum","Latin"
"Ineb Hedj","Memphis","Latin"
"Palermo","Panormus","Latin"
"Hannover","Hannovera","Latin"
"Yerushalayim","Aelia Capitolina","Latin"
"Milano","Mediolanum","Latin"
"Tarentum","Tarentum","Latin"
"Niwt-Rst","Diospolis Magna","Latin"
"Babilû","Babylon","Latin"
"Nikaia","Nicaea","Latin"
"Neapolis","Neapolis","Latin"
"Dorylaion","Dorylaeum","Latin"
"Bordeaux","Burdigala","Latin"
"Annaba","Hippo Regius","Latin"
"Beograd","Singidunum","Latin"
"Athinai","Athenae","Latin"
"Tanja","Tingi","Latin"
"Sur","Tyrus","Latin"
"Santander","Victoriae Iuliobrigensium","Latin"
"Automala","Anabucis","Latin"
"Split","Spalatum","Latin"
"Wien","Vindobona","Latin"
"Tallinn","Revalia","Latin"
"Amisos","Amisus","Latin"
"Valencia","Valentia","Latin"
"Tripolis","Regio Tripolitana","Latin"
"Delphoi","Delphi","Latin"
"Dresden","Dresda","Latin"
"Helsinki","Helsingia","Latin"
"Roskilde","Hafnia","Latin"
"Zawty","Asyut","Latin"
"Trapezon","Trapezus","Latin"
"Tyras","Moncastrum","Latin"
"Arae","Arae Philaenorum","Latin"
"Halikarnassos","Halikarnassus","Latin"
"Cluj-Napoca","Castrum Clus","Latin"
"Djanet","Tanis","Latin"
"Per-Wadjet","Buto","Latin"
"Aachen","Aquisgranum","Latin"
"Ankuwash","Ancyra","Latin"
"Rhegion","Rhegium Julii","Latin"
"Khmun","Hermopolis","Latin"
"Kraków","Cracovia","Latin"
"Aquileia","Aquileia","Latin"
"Lisboa","Felicitas Iulia","Latin"
"Sydwn","Sidon","Latin"
"Kolachi","Barbaricum","Latin"
"Samarqand","Marakanda","Latin"
"Teotihuacan","Puh","Mayan"
"Danibaan","Danibaan","Mayan"
"Q'umarkaj","Q'umarkaj","Mayan"
"Hanseong","Keijou","Japanese"
"Chang'an","Seian","Japanese"
"Chuncheon","Shunsen","Japanese"
"San Francisco","Sanfuranshisuko","Japanese"
"Haojing","Haojing","Japanese"
"Shenyang","Shin'you","Japanese"
"Taibei","Taihoku","Japanese"
"Xi'an","Seian","Japanese"
"Hailaer","Hairaru","Japanese"
"Zhongdu","Hokkin","Japanese"
"Hegang","Hakuniuu","Japanese"
"Tumasik","Shounantou","Japanese"
"Fukuoka","Fukuoka","Japanese"
"Los Angeles","Rosu","Japanese"
"Sofala","Sofara","Japanese"
"Nanning","Nannei","Japanese"
"Hamhung","Kanko","Japanese"
"Anshan","Anzan","Japanese"
"Samcheok","Samcheok","Japanese"
"Bang Makok","Bankoku","Japanese"
"Washington","Washinton","Japanese"
"Zhangjiakou","Choukakou","Japanese"
"Naha","Naha","Japanese"
"Juzhno-Kuri'lsk","Furukamappu","Japanese"
"Hangzhou","Kuishuu","Japanese"
"Seattle","Shiatoru","Japanese"
"Bombay","Bonbei","Japanese"
"Dilli","Derii","Japanese"
"Pataliputra","Kashijou","Japanese"
"Gaoxiong","Takao","Japanese"
"Seoul","Keijou","Japanese"
"Palembang","Parenban","Japanese"
"Guangzhou","Koushuu","Japanese"
"Luoyang","Rakuyou","Japanese"
"Kyouto","Kyouto","Japanese"
"Quelimane","Kerimane","Japanese"
"Sanshan","Dairen","Japanese"
"Chunju","Chunsen","Japanese"
"Khabarovsk","Kahuryoku","Japanese"
"Kaesong","Kaijo","Japanese"
"Jinzhou","Kinshuu","Japanese"
"Hakodate","Hakodate","Japanese"
"Jehol","Nekka","Japanese"
"Otomari","Otomari","Japanese"
"Fuzhou","Fukushuu","Japanese"
"Niigata","Niigata","Japanese"
"Kushiro","Kushiro","Japanese"
"Jakutsk","Yakuttsuku","Japanese"
"Pingfang","Heihouku","Japanese"
"Aomen","Aomen","Japanese"
"Singapura","Shounantou","Japanese"
"Davao","Dabao","Japanese"
"Mudanjiang","Botankou","Japanese"
"Kaifeng","Kaihou","Japanese"
"Vladivostok","Urajio","Japanese"
"Patna","Kashijou","Japanese"
"Manila","Manira","Japanese"
"Chongjin","Seishin","Japanese"
"Nara","Nara","Japanese"
"Lanzhou","Ranshuu","Japanese"
"Fort Dauphin","Toranaro","Japanese"
"Kunming","Konmei","Japanese"
"Hong Kong","Honkon","Japanese"
"Nanchang","Nanshou","Japanese"
"Nagasaki","Nagasaki","Japanese"
"Nagano","Nagano","Japanese"
"Wonsan","Genzan","Japanese"
"Guiyang","Kyou","Japanese"
"Sendai","Sendai","Japanese"
"Pusan","Fuzan","Japanese"
"Hiroshima","Hiroshima","Japanese"
"Beijing","Hokkin","Japanese"
"Hakata","Hakata","Japanese"
"Toukyou","Toukyou","Japanese"
"Qufu","Kyokufu","Japanese"
"Akita","Akita","Japanese"
"New York","Nyuu Yooku","Japanese"
"Sundapura","Jakaruta","Japanese"
"Kagoshima","Kagoshima","Japanese"
"Mumbai","Munbai","Japanese"
"Shanghai","Shanhai","Japanese"
"Nagoya","Nagoya","Japanese"
"Vancouver","Bankuubaa","Japanese"
"Dagou","Takao","Japanese"
"Aomori","Aomori","Japanese"
"Laoag","Raoagu","Japanese"
"Changchun","Shinkyo","Japanese"
"Wuhan","Bukan","Japanese"
"Qingdao","Seitou","Japanese"
"Chongqing","Jousai","Japanese"
"Jakarta","Jakaruta","Japanese"
"Changsha","Chousa","Japanese"
"Oosaka","Oosaka","Japanese"
"Anyang","An'you","Japanese"
"Matsuyama","Matsuyama","Japanese"
"Toyohara","Toyohara","Japanese"
"Chengdu","Seito","Japanese"
"Qiqihaer","Chichiharu","Japanese"
"Edo","Edo","Japanese"
"Nanjing","Nankin","Japanese"
"Yokohama","Yokohama","Japanese"
"Pyongyang","Heijo","Japanese"
"Sapporo","Sapporo","Japanese"
"Fderik","Fderik","Ethiopian"
"Muqdisho","Muqdisho","Ethiopian"
"Illizi","Illizi","Ethiopian"
"Sana'a","Auzalites","Ethiopian"
"Harare","Harare","Ethiopian"
"Hanseong","Hanseong","Korean"
"Mudanjiang","Mokdangang","Korean"
"Nanchang","Namchang","Korean"
"Otomari","Daebaek","Korean"
"Kaifeng","Kaebong","Korean"
"Xi'an","Seo'an","Korean"
"Chang'an","Jang'an","Korean"
"Vladivostok","Haesamwi","Korean"
"Nagoya","Myeonggo'ok","Korean"
"Qufu","Gokbu","Korean"
"Shanghai","Sanghae","Korean"
"Nagasaki","Janggi","Korean"
"Chongjin","Chongjin","Korean"
"Nara","Naryang","Korean"
"Haojing","Hogyeong","Korean"
"Jehol","Yeolha","Korean"
"Lanzhou","Ryangju","Korean"
"Seoul","Seoul","Korean"
"Taibei","Daebuk","Korean"
"Guangzhou","Guangju","Korean"
"Haerbin","Harbin","Korean"
"Kunming","Gonmyeong","Korean"
"Changchun","Jangchun","Korean"
"Dagou","Tagu","Korean"
"Wuhan","Muhan","Korean"
"Zhongdu","Bukgyeong","Korean"
"Luoyang","Nakyang","Korean"
"Kyouto","Gyeongdo","Korean"
"Hegang","Hakgang","Korean"
"Qingdao","Cheongdo","Korean"
"Sanggyeong","Sanggyeong","Korean"
"Chunju","Chunju","Korean"
"Khabarovsk","Baekryeok","Korean"
"Matsuyama","Songsan","Korean"
"Hong Kong","Hyanghang","Korean"
"Jinzhou","Geumju","Korean"
"Chongqing","Junggyung","Korean"
"Fukuoka","Bugang","Korean"
"Hakodate","Hamgwan","Korean"
"Aomori","Cheongsam","Korean"
"Toyohara","Pungwon","Korean"
"Sanshan","Daeryeon","Korean"
"Nanning","Namnyeong","Korean"
"Nagano","Jangya","Korean"
"Changsha","Jangsa","Korean"
"Yokohama","Hoengbin","Korean"
"Guiyang","Gwiyang","Korean"
"Pingfang","Pyungbang","Korean"
"Fuzhou","Bokju","Korean"
"Pusan","Pusan","Korean"
"Fushun","Musun","Korean"
"Toukyou","Donggyeong","Korean"
"Ooita","Daebun","Korean"
"Anyang","Anyang","Korean"
"Hiroshima","Gwangdo","Korean"
"Niigata","Sinseok","Korean"
"Anshan","Ansan","Korean"
"Beijing","Bukgyeong","Korean"
"Hakata","Bakda","Korean"
"Chengdu","Seongdo","Korean"
"Kushiro","Cheonro","Korean"
"Kanazawa","Geumtaek","Korean"
"Shenyang","Shimyang","Korean"
"Qiqihaer","Chichihar","Korean"
"Edo","Gangho","Korean"
"Nanjing","Namgyeong","Korean"
"Sapporo","Chalhwang","Korean"
"Akita","Chujeon","Korean"
"Zhangjiakou","Janggagu","Korean"
"Wuzhou","Oju","Korean"
"Naha","Napae","Korean"
"Pyongyang","Pyongyang","Korean"
"Hangzhou","Hangju","Korean"
"Oosaka","Daepan","Korean"
"Gaoxiong","Go'woong","Korean"
"Kagoshima","Nokado","Korean"
"Sendai","Seondae","Korean"
"Jilin","Gilim","Korean"
"Dorylaion","Dorylaion","Byzantine"
"Amastris","Amastris","Byzantine"
"Poti","Phasis","Byzantine"
"Istanbul","Konstantinoupolis","Byzantine"
"Palermo","Panormos","Byzantine"
"Qart-Hadasht","Carthago","Byzantine"
"Constantinopolis","Konstantinoupolis","Byzantine"
"Roma","Roma","Byzantine"
"Attaleia","Attaleia","Byzantine"
"Split","Spolato","Byzantine"
"Amisos","Amisos","Byzantine"
"Adrianoupolis","Adrianoupolis","Byzantine"
"Ljubljana","Emona","Byzantine"
"Tarsos","Tarsos","Byzantine"
"Neokastron","Neokastron","Byzantine"
"Pompeii","Neapolis","Byzantine"
"Ioannina","Ioannina","Byzantine"
"Philippopolis","Philippopolis","Byzantine"
"Tripolis","Tripolis","Byzantine"
"Akka","Akkon","Byzantine"
"Nikopolis","Nikopolis","Byzantine"
"Cosenza","Cosentia","Byzantine"
"Sinope","Sinope","Byzantine"
"Malvasia","Monemvasia","Byzantine"
"Baghdad","Ctesiphon","Byzantine"
"Poseidonia","Neapolis","Byzantine"
"Tyras","Asperon","Byzantine"
"Tacape","Gabes","Byzantine"
"Ikonion","Ikonion","Byzantine"
"Antiocheia","Antiocheia","Byzantine"
"Venezia","Venetia","Byzantine"
"Ineb Hedj","Memphis","Byzantine"
"Thessalonike","Thessalonike","Byzantine"
"Kaisareia","Kaisareia","Byzantine"
"Herakleia","Herakleia","Byzantine"
"Sirte","Sirte","Byzantine"
"Yerushalayim","Hierousalem","Byzantine"
"Melitene","Malateia","Byzantine"
"Iraklion","Heraklion","Byzantine"
"Sevasteia","Sevasteia","Byzantine"
"Konstantia","Konstantia","Byzantine"
"Trapezon","Trapezounta","Byzantine"
"Durostulon","Durostulon","Byzantine"
"Per-Wadjet","Alexandreia","Byzantine"
"Neapolis","Neapolis","Byzantine"
"Dimashq","Damaskos","Byzantine"
"Amasia","Amasia","Byzantine"
"Ankuwash","Ankyra","Byzantine"
"Tbilisi","Tiphlis","Byzantine"
"Chandax","Chandax","Byzantine"
"Byzantion","Konstantinoupolis","Byzantine"
"Al-Qahirah","Kairo","Byzantine"
"Epidamnos","Dyrrachion","Byzantine"
"Chersonesos","Chersonesos","Byzantine"
"Urfa","Edessa","Byzantine"
"Kyiv","Kiova","Byzantine"
"Beograd","Singidunon","Byzantine"
"Athinai","Athinai","Byzantine"
"Smyrna","Smyrna","Byzantine"
"Tamiat","Damietta","Byzantine"
"Nikaia","Nikaia","Byzantine"
"Ephesos","Ephesos","Byzantine"
"Bangazi","Hesperides","Byzantine"
"Bari","Barion","Byzantine"
"Syrakousai","Syrakousa","Byzantine"
"Dvin","Dousios","Byzantine"
"Kolachi","Barbarikon","Byzantine"
"Alexandreia","Alexandreia","Byzantine"
"La Habana","Havanna","Norse"
"Constantinopolis","Miklagard","Norse"
"Kyiv","Könugård","Norse"
"Takoradi","Fort Witsten","Norse"
"Haithabu","Heithabyr","Norse"
"Stockholm","Stockholm","Norse"
"København","København","Norse"
"Roskilde","Roskilde","Norse"
"Vyborg","Vyborg","Norse"
"York","Jórvik","Norse"
"Göteborg","Göteborg","Norse"
"Hong Kong","Hong Kong","Norse"
"Saint Thomas","Sankt Thomas","Norse"
"Nouvelle Orléans","New Orleans","Norse"
"Helsinki","Helsingfors","Norse"
"Dublin","Dyflin","Norse"
"Wilmington","Fort Kristina","Norse"
"Keta","Fort Prinsensten","Norse"
"Serampore","Frederiksnagore","Norse"
"Derby","Deoraby","Norse"
"Vinland","Vinland","Norse"
"Byzantion","Miklagard","Norse"
"Osu","Fort Christiansborg","Norse"
"Tharangambadi","Trankebar","Norse"
"Tenochtitlán","Mexico","Norse"
"Kirkwall","Kirkjuvagr","Norse"
"London","Lundúvir","Norse"
"Nowgorod","Holmgård","Norse"
"Tallinn","Reval","Norse"
"Basra","Al-Basrah","Arabian"
"Cartagena","Qartayannat al-Halfa","Arabian"
"Qart-Hadasht","Qartaj","Arabian"
"Madinah","Madinah","Arabian"
"Abdju","Arabet","Arabian"
"Tanja","Tanja","Arabian"
"Nishapur","Nishapur","Arabian"
"Toledo","Tulaytulah","Arabian"
"Indraprastha","Delhi","Arabian"
"Zaragoza","Saraqustah","Arabian"
"Santiago","Sant Yaqub","Arabian"
"Hurgada","Al-Ghardaqah","Arabian"
"Ninua","Ninawa","Arabian"
"An-Najaf","An-Najaf","Arabian"
"Baghdad","Baghdad","Arabian"
"Hartum","Al-Hartum","Arabian"
"Kalhu","Nimrud","Arabian"
"Tacape","Qabis","Arabian"
"Neapolis","Nabuli","Arabian"
"Tubruq","Tubruq","Arabian"
"Kumma","Semna","Arabian"
"León","Liyun","Arabian"
"Kaisareia","Kayseri","Arabian"
"Málaga","Malaqah","Arabian"
"Sparte","Sparta","Arabian"
"Melitene","Malatya","Arabian"
"Arae","Ras Lanuf","Arabian"
"Makkah","Makkah","Arabian"
"Annaba","Annaba","Arabian"
"Pi-Ramesses","Tell El-Dab'a","Arabian"
"Roma","Rumiya","Arabian"
"Dimashq","Dimashq","Arabian"
"Marseille","Marsiliya","Arabian"
"Akka","Akka","Arabian"
"Qidshu","Tell Nebi Mend","Arabian"
"Byzantion","Bizantiya","Arabian"
"Casablanca","Dar Beida","Arabian"
"Jbeil","Jbeil","Arabian"
"Sevilla","Ishbiliya","Arabian"
"Parsa","Shiraz","Arabian"
"Masqat","Masqat","Arabian"
"Herat","Herat","Arabian"
"Mut","Mut al-Khorab","Arabian"
"Dilli","Delhi","Arabian"
"Pataliputra","Azimabad","Arabian"
"Oporto","Burtuqal","Arabian"
"Constantinopolis","Qustantiniyah","Arabian"
"Kyrene","Shahat","Arabian"
"Alexandreia","Al-Iskandariya","Arabian"
"Amman","'Amman","Arabian"
"Petra","Al-Battra","Arabian"
"Alexandretta","Al-Iskandarun","Arabian"
"Iol","Sharshal","Arabian"
"Ikonion","Quniyah","Arabian"
"Sirte","Surt","Arabian"
"Tehran","Tahran","Arabian"
"Antiocheia","Antakiyyah","Arabian"
"Sana'a","Sana'a","Arabian"
"Itil","Khamlij","Arabian"
"Pamplona","Bambalunah","Arabian"
"Yebu","Gazirat il-Fantin","Arabian"
"Iraklion","Rabd al-Handaq","Arabian"
"Akhenaten","Al-'Amarna","Arabian"
"Amunia","Marsa Matruh","Arabian"
"Peshawar","Peshawar","Arabian"
"Al-Qahirah","Al-Qahirah","Arabian"
"Bijayah","Bijayah","Arabian"
"Qurtubah","Qurtubah","Arabian"
"Madrid","Al-Magrit","Arabian"
"Beja","Beja","Arabian"
"Mosul","Mosul","Arabian"
"Leptis Magna","Libdeh Al-Kubra","Arabian"
"Kyiv","Kuyaba","Arabian"
"Shiraz","Shiraz","Arabian"
"Imu","Kom El-Hisn","Arabian"
"Lahore","Luhawar","Arabian"
"Siwa","Siwah","Arabian"
"Elath","Umm Rashrash","Arabian"
"Faro","'Uhshunubah","Arabian"
"Ineb Hedj","Al-Qahirah","Arabian"
"Hyderabad","Hyderabad","Arabian"
"Niwt-Rst","Al-Uqsur","Arabian"
"Babilû","Babil","Arabian"
"Akabe","Al-Aqabah","Arabian"
"Oran","Wahran","Arabian"
"Chandax","Rabd al-Handaq","Arabian"
"Melilla","Maliliyah","Arabian"
"Al-Kuwait","Al-Kuwait","Arabian"
"Athinai","Atina","Arabian"
"Rhegion","Rivàh","Arabian"
"Merv","Merv","Arabian"
"Praha","Birag","Arabian"
"Qandahar","Qandahar","Arabian"
"Bangazi","Bangazi","Arabian"
"Automala","Al-Uqaylah","Arabian"
"Sur","As-Sur","Arabian"
"Sidi Ifni","Sidi Ifni","Arabian"
"Khalpe","Halab","Arabian"
"Xou","Sakha","Arabian"
"Tunus","Tunis","Arabian"
"Dubai","Dubai","Arabian"
"Kabul","Kabul","Arabian"
"Amisos","Samsun","Arabian"
"Valencia","Balansiyyah","Arabian"
"Muqdisho","Maqadishu","Arabian"
"Esfahan","Isfahán","Arabian"
"Tripolis","Tarabulus","Arabian"
"Yerushalayim","Al-Quds","Arabian"
"Hippo Diarrhytus","Binzart","Arabian"
"Trapezon","Tarabizun","Arabian"
"Sala","Chellah","Arabian"
"Serabit","Serabit Al-Khadem","Arabian"
"Tarragona","Tarrakunah","Arabian"
"Al-Jazair","Al-Jazair","Arabian"
"Marrakus","Marrakus","Arabian"
"Mogador","Es-Sauirah","Arabian"
"Pelusion","Tell El-Farama","Arabian"
"Barcelona","Barshiluna","Arabian"
"Djanet","San El-Hagar","Arabian"
"Per-Wadjet","Al-Iskandariya","Arabian"
"Per-Atum","Tell-Hisn","Arabian"
"Ankuwash","Anqarah","Arabian"
"Tbilisi","Al-Tefelis","Arabian"
"Safaqis","Safaqis","Arabian"
"Cirta","Qustantinah","Arabian"
"Almería","Al-Mariyya","Arabian"
"Riyadh","Ar-Riyad","Arabian"
"Tamiat","Domyat","Arabian"
"Venezia","Al-Bundukiyya","Arabian"
"Lisboa","Al-'Ishbunah","Arabian"
"Sydwn","Sayda","Arabian"
"Kolachi","Debal","Arabian"
"Samarqand","Samarqand","Arabian"
"Laoag","Laoag","Khmer"
"Bandar Melaka","Bandar Melaka","Khmer"
"Jakarta","Jayakarta","Khmer"
"Sundapura","Jayakarta","Khmer"
"Manila","Manila","Khmer"
"Tumasik","Tumasik","Khmer"
"Singapura","Singapura","Khmer"
"Davao","Davao","Khmer"
"Melaka","Melaka","Indonesian"
"Jakarta","Jakarta","Indonesian"
"Makassar","Makassar","Indonesian"
"Sundapura","Sundapura","Indonesian"
"Manila","Manila","Indonesian"
"Tumasik","Tumasik","Indonesian"
"Singapura","Singapura","Indonesian"
"Palembang","Palembang","Indonesian"
"Emporion","Ampurias","Spanish"
"Nueva Iberia","Nueva Iberia","Spanish"
"Cartagena","Cartagena","Spanish"
"Bandar Melaka","Malaca","Spanish"
"Paris","París","Spanish"
"Santander","Santander","Spanish"
"Trevelin","Trevelin","Spanish"
"Pachacamaq","Pachacamac","Spanish"
"Toledo","Toledo","Spanish"
"San Francisco","San Francisco","Spanish"
"Haojing","Macao","Spanish"
"Zaragoza","Zaragoza","Spanish"
"Santiago","Santiago","Spanish"
"Saint Helena","Santa Helena","Spanish"
"Chuitu","Chuito","Spanish"
"Huaqa","Huaca","Spanish"
"Tiwanaku","Tihuanaco","Spanish"
"Neapolis","Nápoles","Spanish"
"León","León","Spanish"
"Málaga","Málaga","Spanish"
"Santa Trinidad","Santa Trinidad","Spanish"
"Chan Chan","Lima","Spanish"
"Punu","Puno","Spanish"
"Asunción","Asunción","Spanish"
"Roma","Roma","Spanish"
"Mbanza Kongo","San Salvador de Congo","Spanish"
"Marseille","Marsella","Spanish"
"Lle Cul","Villa La Angostura","Spanish"
"Casablanca","Casablanca","Spanish"
"Caqonatambu","Limatambo","Spanish"
"Sevilla","Sevilla","Spanish"
"Masqat","Mascate","Spanish"
"Genova","Génova","Spanish"
"La Coruña","La Coruña","Spanish"
"Brigantium","Betanzos","Spanish"
"Eko","Lagos","Spanish"
"Dilli","Delhi","Spanish"
"Waras","Huaraz","Spanish"
"Numantia","Numancia","Spanish"
"Porth Madryn","Puerto Madryn","Spanish"
"Cape of Good Hope","Cabo de Buena Esperanza","Spanish"
"Willkapampa","Vilcabamba","Spanish"
"Tambuqcucha","Tamboccocha","Spanish"
"Juli","Lluli","Spanish"
"Lauricucha","Huánuco","Spanish"
"Iol","Cherchell","Spanish"
"Los Angeles","Los Angeles","Spanish"
"Ullantaytanpu","Ollantaytambo","Spanish"
"Quitu","Quito","Spanish"
"Nouvelle Orléans","Nueva Orleans","Spanish"
"Danibaan","Monte Albán","Spanish"
"Pamplona","Pamplona","Spanish"
"Kaap Hoorn","Cabo de Hornos","Spanish"
"Uuc Yabnal","Chich'en Itzá","Spanish"
"Frankfurt","Fráncfort","Spanish"
"Colonia del Sacramento","Colonia del Sacramento","Spanish"
"Al-Qahirah","El Cairo","Spanish"
"Machu-Pikchu","Machu Picchu","Spanish"
"Caxamalca","Caxamalca","Spanish"
"Bijayah","Bugía","Spanish"
"Madrid","Madrid","Spanish"
"Santa Fe","Santa Fé","Spanish"
"Beja","Beja","Spanish"
"Tenochtitlán","Ciudad de México","Spanish"
"Aomen","Macao","Spanish"
"Yokib","Piedras Negras","Spanish"
"Singapura","Singapur","Spanish"
"Qusqu","Cuzco","Spanish"
"Tampupuca","Tambocolorado","Spanish"
"Tomebamba","Cuenca","Spanish"
"Andahuailas","Andahuaylas","Spanish"
"Sparte","Esparta","Spanish"
"Chuqiapu","Chuquiapo","Spanish"
"Manila","Manila","Spanish"
"Colonia Nievas","Colonia Nievas","Spanish"
"Pompeii","Pompeya","Spanish"
"Salamanca","Salamanca","Spanish"
"Onuba","Huelva","Spanish"
"Sausa","Sausa","Spanish"
"Faro","Faro","Spanish"
"Oporto","Oporto","Spanish"
"Q'umarkaj","Santa Cruz del Quiché","Spanish"
"Hong Kong","Hong Kong","Spanish"
"Qurtubah","Córdoba","Spanish"
"St. Augustine","San Agustín","Spanish"
"Palermo","Palermo","Spanish"
"Milano","Milán","Spanish"
"Tucume","Túcume","Spanish"
"Colonia San Miguel","Colonia San Miguel","Spanish"
"Tumasik","Singapur","Spanish"
"Bordeaux","Burdeos","Spanish"
"Oxhuitza","El Caracol","Spanish"
"Oran","Orán","Spanish"
"Melilla","Melilla","Spanish"
"Vitcos","Piura","Spanish"
"Athinai","Atenas","Spanish"
"Tanja","Tánger","Spanish"
"Liège","Lieja","Spanish"
"Ineb Hedj","El Cairo","Spanish"
"Sidi Ifni","S.Cruz de Mar Pequeña","Spanish"
"Mérida","Mérida","Spanish"
"Huanuqupampa","Huanocopampa","Spanish"
"La Habana","La Habana","Spanish"
"Kashamarka","Cajamarca","Spanish"
"Braga","Braga","Spanish"
"Valencia","Valencia","Spanish"
"Venezuela","Venezuela","Spanish"
"Tripolis","Tripoli","Spanish"
"Astorga","Astorga","Spanish"
"Ariqipaya","Arequipa","Spanish"
"Coqimpu","Coquimbo","Spanish"
"Atico","Atico","Spanish"
"Wantar Chawin","Chavin de Huántar","Spanish"
"Tarragona","Tarragona","Spanish"
"Al-Jazair","Argel","Spanish"
"Marrakus","Marraquech","Spanish"
"Puerto Soledad","Puerto Soledad","Spanish"
"Mogador","Essaouira","Spanish"
"Barcelona","Barcelona","Spanish"
"Teotihuacan","Teotihuacán","Spanish"
"Oaxaca","Oaxaca","Spanish"
"Almería","Almería","Spanish"
"Rhegion","Ríjoles","Spanish"
"Santo Domingo","Santo Domingo","Spanish"
"Saguntum","Sagunto","Spanish"
"Lisboa","Lisboa","Spanish"
"Samarqand","Samarcanda","Spanish"
"Kinshasa","Léopoldville","French"
"Bandundu","Banningville","French"
"Nueva Iberia","Nouvelle-Ibérie","French"
"Paris","Paris","French"
"Torino","Turin","French"
"Bremen","Brême","French"
"Fort Rosalie","Fort Rosalie","French"
"Haojing","Macao","French"
"Bayonne","Bayonne","French"
"Aix-en-Provence","Aix-en-Provence","French"
"Plaisance","Plaisance","French"
"Duala","Douala","French"
"Trier","Trèves","French"
"Oran","Oran","French"
"Tacape","Gabès","French"
"Hamburg","Hambourg","French"
"Yaunde","Yaoundé","French"
"Fderik","Fort Gouraud","French"
"Epidamnos","Duras","French"
"Saint Thomas","Saint Thomas","French"
"Nantes","Nantes","French"
"Sparte","Sparte","French"
"Québec","Québec","French"
"Dublin","Dublin","French"
"Makkah","La Mecque","French"
"Port-Royal","Port-Royal","French"
"La Petite Chute","La Petite Chute","French"
"Roma","Rome","French"
"Dimashq","Damas","French"
"Marseille","Marseille","French"
"Byzantion","Constantinople","French"
"Bang Makok","Bangkok","French"
"London","Londres","French"
"Nijmegen","Nimègue","French"
"Rouen","Rouen","French"
"Masqat","Mascate","French"
"Genova","Gênes","French"
"Nkuna","Brazzaville","French"
"Adiacium","Ajaccio","French"
"Strasbourg","Strasbourg","French"
"Constantinopolis","Constantinople","French"
"Beograd","Belgrade","French"
"Alexandreia","Alexandrie","French"
"Cape of Good Hope","Cap de Bonne-Espérance","French"
"Tanja","Tanger","French"
"Narbonne","Narbonne","French"
"Arguin","Arguin","French"
"Reims","Reims","French"
"Haithabu","Hedeby","French"
"Pittsburgh","Fort Duquesne","French"
"Guangzhou","Canton","French"
"Iol","Cherchell","French"
"Sirte","Syrte","French"
"Besançon","Besançon","French"
"Angers","Angers","French"
"Pamplona","Pampelune","French"
"Kaap Hoorn","Cap Horn","French"
"Knob Lake","Lac Knob","French"
"Kisangani","Stanleyville","French"
"Fiorenza","Florence","French"
"Frankfurt","Francfort","French"
"Mainz","Mayence","French"
"Bijayah","Béjaïa","French"
"Madrid","Madrid","French"
"Genève","Genève","French"
"Tharangambadi","Tranquebar","French"
"Tenochtitlán","Mexico","French"
"Aomen","Macao","French"
"Lausanne","Lausanne","French"
"Tours","Tours","French"
"København","Copenhague","French"
"Lyon","Lyon","French"
"La Coruña","La Corogne","French"
"Cßdiz","Cadix","French"
"Owando","Fort Rousset","French"
"Dilli","Delhi","French"
"Kanchipuram","Pondichéry","French"
"Pompeii","Pompéi","French"
"Fort Dauphin","Fort Dauphin","French"
"Liège","Liège","French"
"Mbandaka","Coquilhatville","French"
"Baton Rouge","Bâton Rouge","French"
"Firenze","Florence","French"
"Orléans","Orléans","French"
"Rennes-le-Château","Rennes-le-Château","French"
"Regensburg","Ratisbonne","French"
"Hong Kong","Hong Kong","French"
"Ineb Hedj","Le Caire","French"
"Palermo","Palerme","French"
"Hannover","Hanovre","French"
"Yerushalayim","Hiérosolyme","French"
"Milano","Milan","French"
"Al-Qahirah","Le Caire","French"
"Saint Louis","Saint Louis","French"
"Neapolis","Naples","French"
"Garua","Garoua","French"
"Bordeaux","Bordeaux","French"
"Vinland","Anse-aux-Méduses","French"
"Montreal","Montréal","French"
"Puducherry","Pondichéry","French"
"Annaba","Bône","French"
"Toulouse","Toulouse","French"
"Athinai","Athènes","French"
"Kalemie","Albertville","French"
"Nîmes","Nîmes","French"
"Djibouti","Djibouti","French"
"Qurtubah","Cordoue","French"
"Brest","Brest","French"
"Poitiers","Poitiers","French"
"La Habana","La Havane","French"
"Wien","Vienne","French"
"Ilebo","Port-Francqui","French"
"Valencia","Valence","French"
"Likasi","Jadotville","French"
"Venezuela","Venezuela","French"
"Tripolis","Tripoli","French"
"Saint-Louis","Saint-Louis","French"
"Roskilde","Copenhague","French"
"Boulogne","Boulogne","French"
"Loubomo","Delisie","French"
"München","Munich","French"
"Budapest","Budapest","French"
"Al-Jazair","Alger","French"
"Marrakus","Marrakech","French"
"Venezia","Venise","French"
"Nizza","Nice","French"
"Barcelona","Barcelone","French"
"Aachen","Aix-la-Chapelle","French"
"Rennes","Rennes","French"
"Bayeux","Bayeux","French"
"Rhegion","Reggio","French"
"Illizi","Fort Polignac","French"
"Santo Domingo","Saint Domingue","French"
"Bruxelles","Bruxelles","French"
"Aquileia","Aquilée","French"
"Lisboa","Lisbonne","French"
"Samarqand","Samarcande","French"
"Albany","Albany","English"
"Vijayanagara","Bangalore","English"
"Nueva Iberia","New Iberia","English"
"Madras","Madras","English"
"Tubruq","Tobruk","English"
"Fort Rosalie","Fort Panmure","English"
"San Francisco","San Francisco","English"
"Haojing","Macau","English"
"Sault Sainte-Marie","Sault Ste. Marie","English"
"Bandar Melaka","Malacca","English"
"La Coruña","The Groyne","English"
"Plaisance","Placentia","English"
"Hartum","Khartoum","English"
"York","York","English"
"Neapolis","Naples","English"
"Sudbury","Sudbury","English"
"Saint Thomas","Saint Thomas","English"
"La Habana","Havana","English"
"Puducherry","Pondicherry","English"
"Dublin","Dublin","English"
"Port-Royal","Annapolis Royal","English"
"Exeter","Exeter","English"
"Byzantion","Constantinople","English"
"Manchester","Manchester","English"
"Masqat","Muscat","English"
"Kanchipuram","Kanchipuram","English"
"Seattle","Seattle","English"
"Bombay","Bombay","English"
"München","Munich","English"
"Dilli","New Delhi","English"
"Pataliputra","Patna","English"
"Fort Beauséjour","Fort Cumberland","English"
"Winchester","Winchester","English"
"Constantinopolis","Constantinople","English"
"Alexandreia","Alexandria","English"
"Cape of Good Hope","Cape of Good Hope","English"
"Gaoxiong","Fort Willoughby","English"
"Arguin","Arguin","English"
"Pittsburgh","Pittsburgh","English"
"Guangzhou","Canton","English"
"Los Angeles","Los Angeles","English"
"London","London","English"
"Colchester","Colchester","English"
"Québec","Quebec City","English"
"Nouvelle Orléans","New Orleans","English"
"Ottawa","Ottawa","English"
"Kaap Hoorn","Cape Horn","English"
"Knob Lake","Knob Lake","English"
"Cape Town","Cape Town","English"
"Rhode Island","Rhode Island","English"
"Kisangani","Falls Station","English"
"Chester","Chester","English"
"Fiorenza","Florence","English"
"Tanjapuri","Tanjapore","English"
"Al-Qahirah","Cairo","English"
"Tenochtitlán","Mexico City","English"
"Aomen","Macau","English"
"Thanjavur","Thanjapore","English"
"Neu Braunfels","New Braunfels","English"
"Mbandaka","Équateur","English"
"Singapura","Singapore","English"
"Per-Wadjet","Alexandria","English"
"Belfast","Belfast","English"
"Novo-Arkhangelsk","Sitka","English"
"La Petite Chute","Little Chute","English"
"Sparte","Sparta","English"
"Bengaluru","Bangalore","English"
"Patna","Patna","English"
"Yangon","Rangoon","English"
"'s-Gravenhage","The Hague","English"
"Warszawa","Warsaw","English"
"Caerleon","Caerleon","English"
"København","Copenhagen","English"
"Baton Rouge","Baton Rouge","English"
"Firenze","Florence","English"
"Chambly","Chambly","English"
"Göteborg","Gothenburg","English"
"Hong Kong","Hong Kong","English"
"Ineb Hedj","Cairo","English"
"St. Augustine","St. Augustine","English"
"Toronto","Toronto","English"
"Yerushalayim","Jerusalem","English"
"Milano","Milan","English"
"Detroit","Detroit","English"
"Saint Helena","Saint Helena","English"
"Canterbury","Canterbury","English"
"Tumasik","Singapore","English"
"Vinland","Anse aux Meadows","English"
"Oxhuitza","Caracol","English"
"New Brunswick","New Brunswick","English"
"Montreal","Montreal","English"
"Antwerpen","Antwerp","English"
"Athinai","Athens","English"
"Bath","Bath","English"
"Kirkwall","Kirkwall","English"
"New York","New York","English"
"Qurtubah","Cordoba","English"
"Bangazi","Bangazi","English"
"Mumbai","Bombay","English"
"Philadelphia","Philadelphia","English"
"Kolkata","Calcutta","English"
"Winnipeg","Winnipeg","English"
"Vancouver","Vancouver","English"
"Venezuela","Venezuela","English"
"Dagou","Fort Willoughby","English"
"Dresden","Dresde","English"
"Saint-Louis","St. Louis","English"
"Roskilde","Copenhagen","English"
"Trapezon","Trebizond","English"
"Hartford","Hartford","English"
"Dhaka","Dacca","English"
"Marrakus","Marrakesh","English"
"Weihai","Port Edward","English"
"Wilmington","Wilmington","English"
"Huambo","New Lisbon","English"
"Niwt-Rst","Luxor","English"
"Derby","Derby","English"
"Fort Elizabeth","Fort Elizabeth","English"
"Reno","Reno","English"
"Bruxelles","Brussels","English"
"Mahishuru","Mysore","English"
"Kraków","Cracow","English"
"Lisboa","Lisbon","English"
"Carlisle","Carlisle","English"
"Kolachi","Karachi","English"
"Szczecin","Stettin","German"
"Paris","Paris","German"
"Torino","Turin","German"
"Bremen","Bremen","German"
"Tirana","Tirana","German"
"Haojing","Macao","German"
"Kiel","Kiel","German"
"Qingdao","Tsingtau","German"
"Hamburg","Hamburg","German"
"Neapolis","Neapel","German"
"Epidamnos","Durrës","German"
"Shirokolanovka","Landau","German"
"Klagenfurt","Klagenfurt","German"
"Dublin","Dublin","German"
"Sirmium","Syrmisch Mitrowitz","German"
"Ljubljana","Laibach","German"
"Roma","Rom","German"
"Rostock","Rostock","German"
"Marseille","Marseille","German"
"Köln","Köln","German"
"Byzantion","Byzanz","German"
"Doliwa","Romasdorf","German"
"Nijmegen","Nijmegen","German"
"Athinai","Athen","German"
"Kassel","Kassel","German"
"Genova","Genua","German"
"Vilnius","Wilna","German"
"Dilli","Delhi","German"
"Memel","Memel","German"
"Strasbourg","Straßburg","German"
"Göteborg","Gothenburg","German"
"Budapest","Ofen","German"
"Beograd","Belgrad","German"
"Split","Split","German"
"Cape of Good Hope","Kap der Guten Hoffnung","German"
"Arguin","Arguin","German"
"Haithabu","Haithabu","German"
"Linz","Linz","German"
"Augsburg","Augsburg","German"
"Tver'","Twer","German"
"Brest-Litowsk","Brest-Litowsk","German"
"Berlin","Berlin","German"
"Trier","Trier","German"
"Frederikstad","Friedrichstadt","German"
"Nouvelle Orléans","New Orleans","German"
"Masqat","Maskat","German"
"Utrecht","Utrecht","German"
"Fiorenza","Florenz","German"
"Frankfurt","Frankfurt","German"
"Mainz","Mainz","German"
"Kolomea","Kolomea","German"
"Tenochtitlán","Mexiko-Stadt","German"
"Aomen","Macao","German"
"Konstanz","Konstanz","German"
"Singapura","Singapur","German"
"Moskva","Moskau","German"
"Pokesu","Groß Friedrichsburg","German"
"Lübeck","Lübeck","German"
"Kyiv","Kiew","German"
"Salona","Solin","German"
"Sparte","Sparta","German"
"'s-Gravenhage","Den Haag","German"
"Pompeii","Pompeji","German"
"Warszawa","Warschau","German"
"Lwów","Lemberg","German"
"Liège","Lüttich","German"
"København","Kopenhagen","German"
"Firenze","Florenz","German"
"Constantinopolis","Konstantinopel","German"
"Poznan","Posen","German"
"Hong Kong","Hong Kong","German"
"Ineb Hedj","Kairo","German"
"Groningen","Groningen","German"
"Kowno","Kauen","German"
"Hannover","Hannover","German"
"Yerushalayim","Jerusalem","German"
"Milano","Mailand","German"
"Al-Qahirah","Kairo","German"
"Paslek","Preuéisch Holland","German"
"Tumasik","Singapur","German"
"Yekaterinenshtadt","Katharinenstadt","German"
"Königsberg","Königsberg","German"
"Gdansk","Danzig","German"
"Bordeaux","Bordeaux","German"
"Praha","Prag","German"
"Trieste","Triest","German"
"Palermo","Palermo","German"
"Tallinn","Tallinn","German"
"La Habana","Havanna","German"
"Wien","Wien","German"
"Potsdam","Potsdam","German"
"Coburg","Coburg","German"
"Nürnberg","Nürnberg","German"
"Venezuela","Klein-Venedig","German"
"Tripolis","Tripolis","German"
"Dresden","Dresden","German"
"Helsinki","Helsinki","German"
"Roskilde","Kopenhagen","German"
"Vyborg","Wiborg","German"
"Tyras","Weiéenburg","German"
"Tonkoschurowka","Marienthal","German"
"Regensburg","Regensburg","German"
"München","München","German"
"Cluj-Napoca","Klausenburg","German"
"Zadar","Zadar","German"
"Marrakus","Marrakesch","German"
"Venezia","Venedig","German"
"Dobruja","Dobrudscha","German"
"Aachen","Aachen","German"
"Leipzig","Leipzig","German"
"Bruxelles","Brüssel","German"
"São Leopoldo","Sankt Leopold","German"
"Nowgorod","Nowgorod","German"
"Kraków","Krakau","German"
"Aquileia","Aquileia","German"
"Lisboa","Lissabon","German"
"Samarqand","Samarkand","German"
"Philippopolis","Plovdiv","Russian"
"Dubrovnik","Dubrovnik","Russian"
"Chuncheon","Chuncheon","Russian"
"Tirana","Tirana","Russian"
"San Francisco","San-Francisko","Russian"
"Yekaterinenshtadt","Yekaterinenshtadt","Russian"
"Kefe","Feodosija","Russian"
"Groznyj","Groznyj","Russian"
"Qara Qorum","Karakorum","Russian"
"Konstantia","Konstanca","Russian"
"Zadar","Zadar","Russian"
"Epidamnos","Drach","Russian"
"Shirokolanovka","Shirokolanovka","Russian"
"Los Angeles","Los-Andzheles","Russian"
"Ulaan-Ude","Ulan-Udeh","Russian"
"Sirmium","Sremska Mitrovica","Russian"
"Seward","Voskresenskaja","Russian"
"Byzantion","Car'grad","Russian"
"Doliwa","Doliwa","Russian"
"Shenyang","Mukden","Russian"
"Washington","Vashington","Russian"
"Juzhno-Kuri'lsk","Juzhno-Kuri'lsk","Russian"
"Sankt-Peterburg","Sankt-Peterburg","Russian"
"Seattle","Siehtl","Russian"
"Vilnius","Vil'na","Russian"
"Rostov","Rostov","Russian"
"Vladivostok","Vladivostok","Russian"
"Memel","Klajpeda","Russian"
"Constantinopolis","Car'grad","Russian"
"Budapest","Budapest","Russian"
"Beograd","Beograd","Russian"
"Split","Split","Russian"
"Fuyori","Nikolaevsk-na-Amure","Russian"
"Szczecin","Szczecin","Russian"
"Astrakhan","Astrakhan'","Russian"
"Naissos","Nish","Russian"
"Staraja Ladoga","Staraja Ladoga","Russian"
"Ufa","Ufa","Russian"
"Irkutsk","Irkutsk","Russian"
"Tver'","Tver'","Russian"
"Brest-Litowsk","Brest-Litovsk","Russian"
"Berlin","Berlin","Russian"
"Praha","Praha","Russian"
"Kyouto","Kioto","Russian"
"Artashat","Artashat","Russian"
"Khabarovsk","Khabarovsk","Russian"
"Naha","Nakha","Russian"
"Kulsary","Kul'sary","Russian"
"Hakodate","Khakodate","Russian"
"Masqat","Maskat","Russian"
"Otomari","Korsakov","Russian"
"Durostulon","Drastar","Russian"
"Warszawa","Warszawa","Russian"
"Frankfurt","Frankfurt","Russian"
"Qazan","Kazan'","Russian"
"Chersonesos","Khersones","Russian"
"Kushiro","Kusiro","Russian"
"Rostov-na-Donu","Rostov-na-Donu","Russian"
"Jakutsk","Jakutsk","Russian"
"Tenochtitlán","Mekhiko","Russian"
"Kakolewo","Kakolewo","Russian"
"Moskva","Moskva","Russian"
"Mudanjiang","Mudan'czjan","Russian"
"Istanbul","Stambul","Russian"
"Kyiv","Kiev","Russian"
"Salona","Solin","Russian"
"Ljubljana","Ljubljana","Russian"
"Lwów","L'vov","Russian"
"Tbilisi","Tbilisi","Russian"
"Azak","Azov","Russian"
"Poznan","Poznan","Russian"
"Hong Kong","Sjangan","Russian"
"Kowno","Kovno","Russian"
"Helsinki","Khel'sinki","Russian"
"Paslek","Paslek","Russian"
"Babilû","Vavilon","Russian"
"Freiburg","Freiburg","Russian"
"Chita","Chita","Russian"
"Norilsk","Norilsk","Russian"
"Beijing","Pekin","Russian"
"Königsberg","Kaliningrad","Russian"
"Gdansk","Gdansk","Russian"
"New York","N'yu-York","Russian"
"Volgograd","Volgograd","Russian"
"Kagoshima","Kagosima","Russian"
"Dvin","Dvin","Russian"
"La Habana","Gavana","Russian"
"Wien","Vena","Russian"
"Toukyou","Tokio","Russian"
"Vancouver","Vankuver","Russian"
"Tallinn","Tallin","Russian"
"Poti","Poti","Russian"
"Odessa","Odessa","Russian"
"Tashkent","Tashkent","Russian"
"Odessos","Varna","Russian"
"Almarikh","Alma-Ata","Russian"
"Tyras","Tiraspol","Russian"
"Tonkoschurowka","Tonkoschurowka","Russian"
"Pokrovsk","Engels","Russian"
"Cluj-Napoca","Cluj-Napoca","Russian"
"Sanshan","Dal'nij","Russian"
"Pyongyang","Pkhen'jan","Russian"
"Dobruja","Dobruja","Russian"
"Sarajevo","Sarajevo","Russian"
"Saratov","Saratov","Russian"
"Fort Elizabeth","Elizavetinskaja Krepost'","Russian"
"Sofia","Sofia","Russian"
"Bucuresti","Bucuresti","Russian"
"Nowgorod","Novgorod","Russian"
"Kraków","Krakov","Russian"
"Aquileia","Oglej","Russian"
"Samarqand","Samarkand","Russian"
"Kinshasa","Leopoldstad","Dutch"
"Pokesu","Fort Hollandia","Dutch"
"Dilli","Delhi","Dutch"
"Kisangani","Stanleystad","Dutch"
"Bandar Melaka","Malakka","Dutch"
"Bandundu","Banningstad","Dutch"
"Qart-Hadasht","Carthago","Dutch"
"Aomen","Macau","Dutch"
"Bremen","Bremen","Dutch"
"'s-Gravenhage","'s-Gravenhage","Dutch"
"Fortaleza","Fort Schoonenburgh","Dutch"
"Sundapura","Batavia","Dutch"
"Cape of Good Hope","Kaap de Goede Hoop","Dutch"
"Gaoxiong","Fort Zeelandia","Dutch"
"Likasi","Jadotstad","Dutch"
"Venezuela","Venezuela","Dutch"
"Dagou","Fort Zeelandia","Dutch"
"Arguin","Arguin","Dutch"
"Singapura","Singapore","Dutch"
"Georgetown","Stabroek","Dutch"
"Marseille","Marseille","Dutch"
"Saint Helena","Sint-Helena","Dutch"
"Liège","Luik","Dutch"
"Kakolewo","Konkolewo Hauland","Dutch"
"Mbandaka","Coquilhatstad","Dutch"
"La Habana","Havana","Dutch"
"Wilmington","Nieuwer-Amstel","Dutch"
"Roskilde","Kopenhagen","Dutch"
"Haojing","Macau","Dutch"
"Paris","Parijs","Dutch"
"Berlin","Berlijn","Dutch"
"Hartford","Fort Goede Hoop","Dutch"
"Hamburg","Hamborg","Dutch"
"Frederikstad","Frederikstad","Dutch"
"Tumasik","Singapore","Dutch"
"Gdansk","Danswijk","Dutch"
"Groningen","Groningen","Dutch"
"Nouvelle Orléans","New Orleans","Dutch"
"Jakarta","Batavia","Dutch"
"Kaap Hoorn","Kaap Hoorn","Dutch"
"Dublin","Dublin","Dutch"
"Cape Town","Kaapstadt","Dutch"
"Philadelphia","Fort Beversreede","Dutch"
"Recife","Mauritsstad","Dutch"
"Albany","Beverwyck","Dutch"
"Paslek","Pruissisch Holland","Dutch"
"Roma","Rome","Dutch"
"Aachen","Aken","Dutch"
"Bordeaux","Bordeaux","Dutch"
"Jekabsforts","Jekabsforts","Dutch"
"Frankfurt","Frankfort","Dutch"
"Köln","Keulen","Dutch"
"München","München","Dutch"
"Kalemie","Albertville","Dutch"
"Utrecht","Utrecht","Dutch"
"Tenochtitlán","Mexico-stad","Dutch"
"Bruxelles","Brussel","Dutch"
"New York","Nieuw Amsterdam","Dutch"
"London","Londen","Dutch"
"Nijmegen","Nijmegen","Dutch"
"København","Kopenhagen","Dutch"
"Lisboa","Lissabon","Dutch"
"Cuddalore","Coedeloer","Dutch"
"Rhode Island","Roodt Eylandt","Dutch"
"Sidi Ifni","Sidi Ifni","Malian"
"Pokesu","Pokesu","Malian"
"Harare","Harare","Malian"
"Illizi","Illizi","Malian"
"Osu","Osu","Malian"
"Keta","Keta","Malian"
"Conakry","Konakiri","Malian"
"Takoradi","Takoradi","Malian"
"Fderik","Fderik","Malian"
"Cartagena","Kartagena","Polish"
"Paris","Paryz","Polish"
"Dubrovnik","Dubrownik","Polish"
"Makkah","Mekka","Polish"
"Kiel","Kilonia","Polish"
"Catania","Katania","Polish"
"Shanghai","Szanghaj","Polish"
"Dubai","Dubaj","Polish"
"Roma","Rzym","Polish"
"Dimashq","Damaszek","Polish"
"Marseille","Marsylia","Polish"
"Washington","Waszyngton","Polish"
"London","Londyn","Polish"
"Sankt-Peterburg","Piotrogród","Polish"
"Bombay","Bombaj","Polish"
"Vilnius","Wilno","Polish"
"Rostov","Rostów","Polish"
"Memel","Klajpeda","Polish"
"Strasbourg","Strasburg","Polish"
"Constantinopolis","Konstantynopol","Polish"
"Budapest","Budapeszt","Polish"
"Königsberg","Królewiec","Polish"
"Alexandreia","Aleksandria","Polish"
"Szczecin","Szczecin","Polish"
"Astrakhan","Astrachan","Polish"
"Irkutsk","Irkuck","Polish"
"Tver'","Twer","Polish"
"Trier","Trewir","Polish"
"Tehran","Teheran","Polish"
"Antiocheia","Antiochia","Polish"
"Tenochtitlan","Meksyk","Polish"
"Nouvelle Orléans","Nowy Orlean","Polish"
"Shush","Suza","Polish"
"Warszawa","Warszawa","Polish"
"Mainz","Moguncja","Polish"
"Zurich","Zurych","Polish"
"Madrid","Madryt","Polish"
"Rostov-na-Donu","Rostów nad Donem","Polish"
"Genève","Genewa","Polish"
"Thessalonike","Saloniki","Polish"
"Moskva","Moskwa","Polish"
"Nikolaev","Mikolaj&243;w","Polish"
"Nizhnij Novgorod","Nizny Nowogród","Polish"
"Lübeck","Lubeka","Polish"
"Pisa","Piza","Polish"
"Kyiv","Kijów","Polish"
"Fiorenza","Florencja","Polish"
"Lwów","Lwów","Polish"
"København","Kopenhaga","Polish"
"Mumbai","Mumbaj","Polish"
"Firenze","Florencja","Polish"
"Orléans","Orlean","Polish"
"Poznan","Poznan","Polish"
"Gdansk","Gdansk","Polish"
"Qurtubah","Kordoba","Polish"
"Kowno","Kowno","Polish"
"Toukyou","Tokio","Polish"
"Yerushalayim","Jerozolima","Polish"
"Milano","Mediolan","Polish"
"Al-Qahirah","Kair","Polish"
"Stockholm","Sztokholm","Polish"
"Freiburg","Fryburg","Polish"
"Norilsk","Norylsk","Polish"
"Beijing","Pekin","Polish"
"Toulouse","Tuluza","Polish"
"Athinai","Ateny","Polish"
"Sur","Tyr","Polish"
"Praha","Praga","Polish"
"Volgograd","Wolgograd","Polish"
"Tallinn","Tallinn","Polish"
"La Habana","Hawana","Polish"
"Wien","Wieden","Polish"
"Riga","Ryga","Polish"
"Philadelphia","Filadelfia","Polish"
"Genova","Genua","Polish"
"Hannover","Hanower","Polish"
"Potsdam","Poczdam","Polish"
"Nürnberg","Norymberga","Polish"
"Tripolis","Trypolis","Polish"
"Dresden","Drezno","Polish"
"Pskov","Psków","Polish"
"Regensburg","Ratyzbona","Polish"
"München","Monachium","Polish"
"Cluj-Napoca","Kluz-Napoka","Polish"
"Venezia","Wenecja","Polish"
"Sarajevo","Sarajewo","Polish"
"Aachen","Akwizgran","Polish"
"Leipzig","Lipsk","Polish"
"New York","Nowy Jork","Polish"
"Nowgorod","Nowogród","Polish"
"Kraków","Kraków","Polish"
"Pyongyang","Pjongjang","Polish"
"Nkuna","Brazzaville","Portuguese"
"Dilli","Deli","Portuguese"
"Bandar Melaka","Malaca","Portuguese"
"La Habana","Havana","Portuguese"
"Makassar","Marcaçar","Portuguese"
"Fortaleza","Fortaleza","Portuguese"
"Sundapura","Calapa","Portuguese"
"Cape of Good Hope","Capo de Boa Esperança","Portuguese"
"Gaoxiong","Paramaribo","Portuguese"
"Haojing","Macau","Portuguese"
"Arguin","Arguim","Portuguese"
"Tripolis","Tripoli","Portuguese"
"Moçambique","Moçambique","Portuguese"
"Saint Helena","Santa Helena","Portuguese"
"Oporto","Porto","Portuguese"
"Faro","Faro","Portuguese"
"Mumbai","Bombaim","Portuguese"
"Dagou","Paramaribo","Portuguese"
"Mombasa","Mombaça","Portuguese"
"Tumasik","Malaca","Portuguese"
"Palembang","Palimbão","Portuguese"
"Qurtubah","Córdova","Portuguese"
"Eko","Lagos","Portuguese"
"Nouvelle Orléans","Nova Orleães","Portuguese"
"Marrakus","Marrakech","Portuguese"
"Mogador","Mogador","Portuguese"
"Saint Louis","Saõ Luís","Portuguese"
"Huambo","Nova Lisboa","Portuguese"
"Guangzhou","Cantão","Portuguese"
"Roma","Roma","Portuguese"
"Mbanza Kongo","São Salvador do Congo","Portuguese"
"Recife","Recife","Portuguese"
"Colonia del Sacramento","Colônia do Sacramento","Portuguese"
"Lubango","Sá de Bandeira","Portuguese"
"Tenochtitlán","Cidade do México","Portuguese"
"Aomen","Macau","Portuguese"
"São Leopoldo","São Leopoldo","Portuguese"
"Masqat","Mascate","Portuguese"
"Lisboa","Lisboa","Portuguese"
"Singapura","Malaca","Portuguese"
"Bombay","Bombaim","Portuguese"
"Moçâmedes","Moçâmedes","Portuguese"
"Cartagena","Cartagena","Italian"
"Qart-Hadasht","Cartagine","Italian"
"Torino","Torino","Italian"
"Abdju","Abydos","Italian"
"Tirana","Tirana","Italian"
"Neokastron","Navarino","Italian"
"Zaragoza","Saragozza","Italian"
"Ninua","Ninive","Italian"
"Paris","Parigi","Italian"
"Poseidonia","Napoli","Italian"
"Hamburg","Amburgo","Italian"
"Ariminum","Rimini","Italian"
"Canusium","Canosa di Puglia","Italian"
"Epidamnos","Durazzo","Italian"
"Kaisareia","Cesarea Mazaca","Italian"
"Melitene","Melitene","Italian"
"Roma","Roma","Italian"
"Marseille","Marsiglia","Italian"
"Köln","Colonia","Italian"
"Byzantion","Constantinopoli","Italian"
"Korinthos","Corinto","Italian"
"Brundisium","Brindisi","Italian"
"Nijmegen","Nimega","Italian"
"Masqat","Mascate","Italian"
"Sparte","Sparta","Italian"
"Oporto","Oporto","Italian"
"Constantinopolis","Constantinopoli","Italian"
"Tarragona","Tarragona","Italian"
"Kyrene","Cirene","Italian"
"Beograd","Belgrado","Italian"
"Alexandreia","Alessandria","Italian"
"Messana","Messina","Italian"
"Augsburg","Augusta","Italian"
"Berlin","Berlino","Italian"
"Iol","Cherchell","Italian"
"Malvasia","Malvasia","Italian"
"Taranto","Taranto","Italian"
"Syrakousai","Siracusa","Italian"
"Iraklion","Candia","Italian"
"Fiorenza","Fiorenza","Italian"
"Frankfurt","Francoforte","Italian"
"Mainz","Magonza","Italian"
"Genève","Ginevra","Italian"
"Tenochtitlán","Città del Messico","Italian"
"Bari","Bari","Italian"
"Lyon","Lione","Italian"
"Alba Iulia","Alba Iulia","Italian"
"Pisa","Pisa","Italian"
"Leptis Magna","Leptis Magna","Italian"
"Ljubljana","Lubiana","Italian"
"Pompeii","Napoli","Italian"
"Warszawa","Varsavia","Italian"
"Lixos","Lixus","Italian"
"Faro","Faro","Italian"
"Nikopolis","Preveza","Italian"
"Firenze","Firenze","Italian"
"Gdansk","Danzica","Italian"
"Ineb Hedj","Menfi","Italian"
"Palermo","Palermo","Italian"
"Hannover","Hannover","Italian"
"Yerushalayim","Gerusalemme","Italian"
"Milano","Milano","Italian"
"Al-Qahirah","Il Cairo","Italian"
"Niwt-Rst","Tebe","Italian"
"Catania","Catania","Italian"
"Neapolis","Napoli","Italian"
"Bordeaux","Bordeaux","Italian"
"Chandax","Candia","Italian"
"Annaba","Annaba","Italian"
"Trieste","Trieste","Italian"
"Athinai","Atene","Italian"
"Rhegion","Reggio","Italian"
"Sur","Tiro","Italian"
"Djibouti","Gibuti","Italian"
"Qurtubah","Cordova","Italian"
"Bangazi","Bengasi","Italian"
"Split","Spalato","Italian"
"Wien","Vienna","Italian"
"Amisos","Amiso","Italian"
"Valencia","Valencia","Italian"
"Muqdisho","Mogadiscio","Italian"
"Tripolis","Tripoli","Italian"
"Dresden","Dresda","Italian"
"Cosenza","Cosenza","Italian"
"Trapezon","Trebisonda","Italian"
"Tyras","Moncastro","Italian"
"Caralis","Cagliari","Italian"
"Cluj-Napoca","Cluj-Napoca","Italian"
"Antium","Antio","Italian"
"Zadar","Zara","Italian"
"Venezia","Venezia","Italian"
"Nizza","Nizza","Italian"
"Per-Wadjet","Butos","Italian"
"Aachen","Aquisgrana","Italian"
"Babilû","Babilonia","Italian"
"Kraków","Cracovia","Italian"
"Aquileia","Aquileia","Italian"
"Lisboa","Lisbona","Italian"
"Samarqand","Samarcanda","Italian"
"Kulsary","Kulsary","Mongolian"
"Beijing","Khanbaliq","Mongolian"
"Ulaan-Ude","Ulaan-Ude","Mongolian"
"Qara Qorum","Qara Qorum","Mongolian"
"Irkutsk","Erkhüü","Mongolian"
"Shenyang","Mukden","Mongolian"
"Samarqand","Samarkand","Mongolian"
"Zhongdu","Khanbaliq","Mongolian"
"Yinchuan","Iryai","Mongolian"
"Chita","Cyty","Mongolian"
"Tbilisi","Tiflis","Mongolian"
"Hailaer","Hulun","Mongolian"
"Astrakhan","Xacitarxan","Mongolian"
"Teotihuacan","Teotihuacan","Aztec"
"Danibaan","Atzompan","Aztec"
"Q'umarkaj","Utatlán","Aztec"
"Amastris","Amasra","Turkish"
"Hattusas","Bogazköy","Turkish"
"Qart-Hadasht","Kartaca","Turkish"
"Madinah","Medine","Turkish"
"Makkah","Mekke","Turkish"
"Attaleia","Antalya","Turkish"
"Tirana","Tiran","Turkish"
"Basra","Basra","Turkish"
"Neokastron","Anavarin","Turkish"
"Kefe","Kefe","Turkish"
"Groznyj","Grozni","Turkish"
"Ninua","Ninova","Turkish"
"Qara Qorum","Ordu Baliq","Turkish"
"An-Najaf","Necef","Turkish"
"Baghdad","Bagdat","Turkish"
"Hartum","Hartum","Turkish"
"Konstantia","Kustendje","Turkish"
"Tacape","Gabes","Turkish"
"Zadar","Zadar","Turkish"
"Epidamnos","Diraç","Turkish"
"Kaisareia","Kayseri","Turkish"
"Pi-Ramesses","Tell El-Dab'a","Turkish"
"Dunhuang","Dukhan","Turkish"
"Melitene","Malatya","Turkish"
"Sirmium","Dimitrofçe","Turkish"
"Tubruq","Tobruk","Turkish"
"Roma","Roma","Turkish"
"Dimashq","Sam","Turkish"
"Amasia","Amasya","Turkish"
"Hurgada","Hurgada","Turkish"
"Akka","Akka","Turkish"
"Byzantion","Kostantiniyye","Turkish"
"Pergamon","Bergama","Turkish"
"Parsa","Persepolis","Turkish"
"Masqat","Maskat","Turkish"
"Herakleia","Eregli","Turkish"
"Shiraz","Siraz","Turkish"
"Constantinopolis","Kostantiniyye","Turkish"
"Budapest","Budin","Turkish"
"Beograd","Belgrad","Turkish"
"Alexandreia","Iskenderiye","Turkish"
"Amman","Amman","Turkish"
"Astrakhan","Astrakhan","Turkish"
"Naissos","Nish","Turkish"
"Alexandretta","Iskenderun","Turkish"
"Sinope","Sinop","Turkish"
"Ikonion","Konya","Turkish"
"Artashat","Artashat","Turkish"
"Antiocheia","Antakya","Turkish"
"Malvasia","Menelûe","Turkish"
"Kulsary","Kulsary","Turkish"
"Itil","Itil","Turkish"
"Iraklion","Kandiye","Turkish"
"Sevasteia","Sivas","Turkish"
"Nicomedia","Izmit","Turkish"
"Kition","Larnaka","Turkish"
"Durostulon","Silistre","Turkish"
"Shush","Susa","Turkish"
"Al-Qahirah","Kahire","Turkish"
"Qazan","Qazan","Turkish"
"Baku","Bakü","Turkish"
"Thessalonike","Selânik","Turkish"
"Tenochtitlán","Mexico","Turkish"
"Mosul","Musul","Turkish"
"Dvin","Yerevan","Turkish"
"Ephesos","Efes","Turkish"
"Istanbul","Istanbul","Turkish"
"Kyiv","Kiev","Turkish"
"Sparte","Sparta","Turkish"
"Al-Ladhiqiyah","Lazkiye","Turkish"
"Ioannina","Yanya","Turkish"
"Inebahti","Inebahti","Turkish"
"Azak","Azak","Turkish"
"Nikopolis","Preveza","Turkish"
"Tbilisi","Tiflis","Turkish"
"Larnaca","Larnaka","Turkish"
"Ineb Hedj","Kahire","Turkish"
"Yerushalayim","Kudüs","Turkish"
"Niwt-Rst","Luksor","Turkish"
"Babilû","Babil","Turkish"
"Nikaia","Iznik","Turkish"
"Dorylaion","Eskishehir","Turkish"
"Akabe","Akabe","Turkish"
"Chandax","Kandiye","Turkish"
"Al-Kuwait","Kuveyt","Turkish"
"Athinai","Atina","Turkish"
"Tarsos","Tarsus","Turkish"
"Praha","Prag","Turkish"
"Bangazi","Bingazi","Turkish"
"Orduqent","Orduqent","Turkish"
"Sur","Sur","Turkish"
"Khalpe","Halep","Turkish"
"Amisos","Samsun","Turkish"
"Tunus","Tunus","Turkish"
"Wien","Beç","Turkish"
"Poti","Fash","Turkish"
"Esfahan","Isfahan","Turkish"
"Odessa","Hacibey","Turkish"
"Tripolis","Trablus","Turkish"
"Tashkent","Toshkent","Turkish"
"Trapezon","Trabzon","Turkish"
"Tyras","Akkerman","Turkish"
"Aksehir","Aksehir","Turkish"
"Halikarnassos","Bodrum","Turkish"
"Cluj-Napoca","Kalosvar","Turkish"
"Al-Jazair","Cezayir","Turkish"
"Marrakus","Marakech","Turkish"
"Venezia","Venedik","Turkish"
"Dobruja","Dobruca","Turkish"
"Per-Wadjet","Kem Kasir","Turkish"
"Ankuwash","Ankara","Turkish"
"Saratov","Saryk Atov","Turkish"
"Safaqis","Safakes","Turkish"
"Urfa","Urfa","Turkish"
"Riyadh","Riyad","Turkish"
"Sofia","Sofya","Turkish"
"Smyrna","Izmir","Turkish"
"Tamiat","Dimyat","Turkish"
"Bucuresti","Bükres","Turkish"
"Ufa","Ufu","Turkish"
"Sydwn","Sayda","Turkish"
"Kolachi","Mirat ul Memalik","Turkish"
"Samarqand","Samarqand","Turkish"
"Saigon","Saingon","Thai"
"Yangon","Yangkung","Thai"
"Pataliputra","Patlibut","Thai"
"Tumasik","Themasek","Thai"
"Jakarta","Chakata","Thai"
"Sundapura","Chakata","Thai"
"Patna","Patna","Thai"
"Manila","Manila","Thai"
"Ha Noi","Hanoi","Thai"
"Singapura","Singkhapo","Thai"
"Palembang","Palembang","Thai"
"Pagan","Phukham","Thai"
"Eko","Eko","Congolese"
"Bandundu","Bandundu","Congolese"
"Kisangani","Kisangani","Congolese"
"Lubango","Lubango","Congolese"
"Kinshasa","Kinshasa","Congolese"
"Mbandaka","Mbandaka","Congolese"
"Nkuna","Nkuna","Congolese"
"Kalemie","Kalemie","Congolese"
"Ilebo","Ilebo","Congolese"
"Owando","Owando","Congolese"
"Duala","Duala","Congolese"
"Huambo","Huambo","Congolese"
"Moçâmedes","Namibe","Congolese"
"Mbanza Kongo","Mbanza Kongo","Congolese"
"Yaunde","Yaunde","Congolese"
"Garua","Garua","Congolese"
"Likasi","Likasi","Congolese"
"Loubomo","Loubomo","Congolese"
"Québec","Québec","American"
"Guatemala","Guatemala City","American"
"Monrovia","Monrovia","American"
"Fort Rosalie","Fort Panmure","American"
"Neu Braunfels","New Braunfels","American"
"Charleston","Charleston","American"
"Seward","Seward","American"
"Jacksonville","Jacksonville","American"
"Montreal","Montréal","American"
"Inverness","Inbhir Nis","Celtic"
"Belfast","Béal Feirste","Celtic"
"Dublin","Áth Cliath","Celtic"
